"Id","proj_id","repo_name","owner_login","language","n_pr","n_ci_after","n_ci_after_tested"
1,1334,"rails","rails","Ruby",10829,7369,3447
2,6,"cocos2d-x","cocos2d","C++",8153,5837,3280
3,9570147,"homebrew-cask","caskroom","Ruby",6353,6225,6116
4,634,"symfony","symfony","PHP",7618,5675,4284
5,1360482,"app","Wikia","PHP",5288,1445,1339
6,183,"zf2","zendframework","PHP",5107,4026,3304
7,524804,"core","owncloud","PHP",4471,1205,184
8,3275,"Baystation12","Baystation12","C++",4533,1720,1668
9,10252,"commcare-hq","dimagi","Python",4728,4560,4277
10,4708601,"bootstrap","twbs","JavaScript",4560,3689,3311
11,28763,"-tg-station","tgstation","Python",3680,2081,2039
12,37,"angular.js","angular","JavaScript",4567,3942,3870
13,2184,"joomla-cms","joomla","PHP",4254,3267,2985
14,312,"katello","Katello","Ruby",4498,3567,2099
15,8196280,"spark","apache","Scala",3133,2897,383
16,5495,"dmd","D-Programming-Language","C",4067,1047,98
17,4135,"scala","scala","Scala",4072,445,9
18,392,"brackets","adobe","JavaScript",4149,2923,2847
19,1350237,"ppsspp","hrydgard","C++",3926,1301,1289
20,853,"metasploit-framework","rapid7","Ruby",3844,2843,2785
21,9316,"cakephp","cakephp","PHP",3454,2802,2143
22,23995,"cdnjs","cdnjs","JavaScript",3500,3222,2976
23,17694,"ceph","ceph","C++",2892,1636,1
24,1992097,"framework","laravel","PHP",2965,2963,2908
25,864,"bitcoin","bitcoin","C++",3463,372,352
26,961,"ipython","ipython","Python",3412,2342,2320
27,847,"puppet","puppetlabs","Ruby",3290,2779,1911
28,157,"wet-boew","wet-boew","JavaScript",3495,3431,3345
29,540,"ember.js","emberjs","JavaScript",3121,2778,2737
30,67874,"openmicroscopy","openmicroscopy","Java",3158,2592,2187
31,424371,"calcentral","ets-berkeley-edu","Ruby",3118,3059,2967
32,9793,"sympy","sympy","Python",3303,1952,1920
33,9427,"spree","spree","Ruby",3080,2630,413
34,114167,"phpbb","phpbb","PHP",3102,2456,2255
35,4095,"elasticsearch","elasticsearch","Java",2732,2477,64
36,1018,"node","joyent","JavaScript",3125,2390,7
37,27329,"pandas","pydata","Python",3036,1364,1354
38,6026,"gitlabhq","gitlabhq","Ruby",2925,2907,2019
39,1321133,"DefinitelyTyped","borisyankov","JavaScript",2483,2267,2221
40,6368,"kuma","mozilla","Python",2783,873,803
41,2539527,"discourse","discourse","JavaScript",2539,2503,2461
42,18217,"zamboni","mozilla","Python",2696,374,372
43,3750617,"silverstripe-framework","silverstripe","PHP",2614,1116,1099
44,3137,"pdf.js","mozilla","JavaScript",2575,1348,1337
45,860,"bedrock","mozilla","Python",2440,81,79
46,772,"socorro","mozilla","Python",2474,199,196
47,4936,"processmaker","colosa","PHP",2542,526,12
48,3486433,"ggrc-core","reciprocity","Ruby",2016,0,0
49,5854,"kitsune","mozilla","Python",2212,628,621
50,14364,"dolibarr","Dolibarr","PHP",1994,777,749
51,1528221,"PrestaShop","PrestaShop","PHP",2139,0,0
52,1717,"TrinityCore","TrinityCore","C++",2244,217,204
53,5768596,"Ghost","TryGhost","JavaScript",2071,1606,1467
54,1545591,"openproject","opf","Ruby",2148,2028,1900
55,5219,"scikit-learn","scikit-learn","C",2068,1289,1276
56,19810,"astropy","astropy","C",2024,1751,1720
57,2093,"fog","fog","Ruby",2211,1509,1481
58,15762,"woocommerce","woothemes","PHP",1987,182,178
59,8127,"matplotlib","matplotlib","Python",2131,1498,1464
60,4523,"melpa","milkypostman","JavaScript",1824,1463,1444
61,18411,"ol3","openlayers","JavaScript",2053,2037,2018
62,5482310,"pim-community-dev","akeneo","PHP",1683,919,905
63,10912,"mruby","mruby","C",2036,1895,1753
64,2045,"libgit2","libgit2","C",1951,1523,1458
65,6013,"numpy","numpy","C",1869,1564,1541
66,11117,"shogun","shogun-toolbox","C++",1984,1251,1221
67,42952,"whitehall","alphagov","Ruby",1830,1696,1
68,6260617,"presto","facebook","Java",1654,822,808
69,2812,"diaspora","diaspora","Ruby",1894,995,947
70,2620049,"xtuple","xtuple","JavaScript",1863,788,775
71,21603,"otwarchive","otwcode","Ruby",1881,645,634
72,7788191,"moonstone","enyojs","JavaScript",1751,659,641
73,3227,"Elgg","Elgg","PHP",1624,1466,971
74,3276602,"livecode","runrev","C++",1454,0,0
75,3516,"jquery-mobile","jquery","JavaScript",1839,465,439
76,12075,"pioneer","pioneerspacesim","C",1779,74,74
77,2558,"foundation","zurb","PHP",1704,857,0
78,127,"addon-sdk","mozilla","Python",1666,950,40
79,1043,"django-cms","divio","Python",1632,1263,1187
80,1799,"Theano","Theano","Python",1711,1008,977
81,2265342,"RIOT","RIOT-OS","C",1436,697,688
82,5497780,"onepercentclub-site","onepercentclub","Python",1653,1555,1501
83,8932041,"pouchdb","pouchdb","JavaScript",1412,1379,1248
84,956098,"virt-test","autotest","Python",1637,272,271
85,2254769,"appium","appium","JavaScript",1669,1669,1639
86,1165,"concrete5","concrete5","PHP",1698,308,300
87,6313,"jquery","jquery","JavaScript",1685,325,308
88,31723,"scipy","scipy","C",1430,845,830
89,3905191,"react","facebook","JavaScript",1305,1297,1273
90,4516,"laravel","laravel","PHP",1480,808,242
91,213,"butter","mozilla","JavaScript",1642,594,574
92,8052452,"logstash","elasticsearch","Ruby",1480,832,96
93,1227,"MuseScore","musescore","C++",1427,1389,1329
94,3290625,"configuration","edx","Python",1452,685,672
95,3816,"boto","boto","Python",1525,1028,198
96,1920336,"SocialSDK","OpenNTF","JavaScript",1555,580,567
97,1207,"pyrocms","pyrocms","PHP",1566,946,427
98,21416,"SonataAdminBundle","sonata-project","PHP",1484,1252,896
99,23052,"buildbot","buildbot","Python",1331,481,470
100,24444,"phpmyadmin","phpmyadmin","PHP",1395,1299,1238
101,10322399,"manageiq","ManageIQ","Ruby",849,730,715
102,9315494,"deis","deis","Python",1154,1154,565
104,2831,"cesium","AnalyticalGraphicsInc","JavaScript",1375,803,800
105,434,"data","emberjs","JavaScript",1330,1211,1116
106,4376708,"backbone","jashkenas","JavaScript",1428,649,630
107,807,"bioformats","openmicroscopy","Java",1389,1080,1065
108,3086778,"loomio","loomio","Ruby",1436,903,867
109,8540,"openFrameworks","openframeworks","C",1337,0,0
110,3087647,"web-platform-tests","w3c","JavaScript",1241,337,333
111,514257,"bluebottle","onepercentclub","JavaScript",1151,1151,1111
112,696102,"refinerycms","refinery","Ruby",1406,437,409
113,11703554,"code-dot-org","code-dot-org","JavaScript",382,315,309
114,11379,"smart-answers","alphagov","Ruby",1264,469,2
115,3644,"jquery-ui","jquery","JavaScript",1373,371,362
116,7414180,"CM","cargomedia","PHP",1259,421,417
117,4567,"Pokemon-Showdown","Zarel","JavaScript",1186,145,143
118,174642,"Sylius","Sylius","PHP",1225,1224,1166
119,5831963,"hhvm","facebook","C++",1232,1167,1112
120,10739107,"chapel","chapel-lang","C",799,450,426
121,22841,"django-rest-framework","tomchristie","Python",1127,1018,997
122,6801328,"jekyll","jekyll","Ruby",1321,1103,1055
123,3219077,"ka-lite","learningequality","Python",1105,362,331
124,5573316,"cryptography","pyca","Python",1165,1163,1155
125,1888930,"Elkarte","elkarte","PHP",1279,594,570
126,7537,"kivy","kivy","Python",1125,896,4
127,16356,"cphalcon","phalcon","C",1189,1189,1104
128,216519,"suricata","inliniac","C",1204,191,184
129,6806,"composer","composer","PHP",1194,1146,835
130,340,"netty","netty","Java",1133,726,3
131,3245727,"Easy-Digital-Downloads","easydigitaldownloads","PHP",1094,683,652
132,27319,"doctrine2","doctrine","PHP",1155,975,793
133,11688174,"robottelo","SatelliteQE","Python",1048,873,863
134,230961,"homebrew-science","Homebrew","Ruby",819,0,0
135,6815,"vagrant","mitchellh","Ruby",1195,811,799
136,4023,"ralph","allegro","Python",1116,588,422
137,2647582,"mifosx","openMF","Java",1127,1003,977
138,346,"Phraseanet","alchemy-fr","PHP",1148,1132,1057
139,152908,"core","zikula","PHP",1103,1017,890
140,24397,"linguist","github","Ruby",1089,955,921
141,10408,"khan-exercises","Khan","JavaScript",1189,16,16
142,489,"active_merchant","Shopify","Ruby",1170,910,843
143,27903,"mwEmbed","kaltura","JavaScript",805,643,0
144,683351,"backbone.marionette","marionettejs","JavaScript",1031,922,893
145,1926083,"pokemon-online","po-devs","C++",1102,526,516
146,2640548,"ezpublish-kernel","ezsystems","PHP",1058,833,817
147,21352,"mozillians","mozilla","JavaScript",1093,8,8
148,9801225,"zds-site","zestedesavoir","Python",846,608,592
149,19428,"mne-python","mne-tools","Python",1060,450,446
150,6849,"wet-boew-drupal","wet-boew","PHP",1075,1074,922
151,17635,"rSENSE","isenseDev","Ruby",1136,665,657
152,7704341,"neovim","neovim","C",875,854,845
153,1996840,"Leaflet","Leaflet","JavaScript",1068,624,459
154,63123,"iris","SciTools","Python",1043,875,862
155,218181,"ome-documentation","openmicroscopy","Python",1025,835,822
156,390,"requests","kennethreitz","Python",1064,874,535
157,7347,"Markus","MarkUsProject","Ruby",1052,1,1
158,12031,"rubinius","rubinius","Ruby",1070,928,602
159,55,"yui3","yui","JavaScript",1094,979,816
160,1394906,"etherpad-lite","ether","JavaScript",990,525,510
162,20629,"ace","ajaxorg","JavaScript",1035,809,624
163,1127,"zeroclickinfo-spice","duckduckgo","JavaScript",889,782,765
164,4216758,"ripple-client","ripple","JavaScript",631,620,609
165,6189264,"cockpit","cockpit-project","JavaScript",803,622,586
166,4376706,"underscore","jashkenas","JavaScript",979,570,560
167,174722,"fontforge","fontforge","C",988,546,537
168,8277685,"OTM2","OpenTreeMap","Python",953,2,1
169,21496,"WCF","WoltLab","PHP",1004,430,422
170,3701929,"kibana","elasticsearch","JavaScript",606,71,64
171,26423,"CONNECT","CONNECT-Solution","Java",958,321,12
172,2294498,"pylearn2","lisa-lab","Python",893,810,803
173,2254820,"locawebstyle","locaweb","JavaScript",937,654,428
174,8024,"eden","flavour","Python",881,15,14
175,3665,"mojito","yahoo","JavaScript",1005,790,729
176,3459504,"pdns","PowerDNS","C++",741,734,728
178,2605913,"ezpublish-legacy","ezsystems","JavaScript",961,486,480
179,1282,"pyramid","Pylons","Python",896,577,268
180,6146926,"exercism.io","exercism","Ruby",910,769,763
181,46357,"rspec-core","rspec","Ruby",914,836,698
182,2398573,"WordPress-Android","wordpress-mobile","Java",794,769,54
183,3963440,"otter","rackerlabs","Python",738,0,0
184,1344612,"scikit-image","scikit-image","Python",866,579,573
185,760,"enyo","enyojs","JavaScript",850,621,616
186,2989453,"sequelize","sequelize","JavaScript",807,641,630
187,2909103,"vumi-go","praekelt","Python",823,620,619
188,39891,"ninja-ide","ninja-ide","Python",946,269,261
189,938650,"Change","RBSChange","PHP",918,917,911
190,5603,"php-src","php","C",795,698,573
191,5455,"youtube-dl","rg3","Python",797,645,627
192,5516,"geoserver","geoserver","Java",804,465,357
193,27142,"pip","pypa","Python",795,707,646
194,7509659,"php-mpos","MPOS","PHP",927,0,0
195,29522,"libzmq","zeromq","C++",876,522,517
196,215558,"remo","mozilla","Python",855,6,6
197,35378,"sensu-community-plugins","sensu","Ruby",784,580,574
198,3105682,"c2cgeoportal","camptocamp","Python",831,377,374
199,6126301,"community-app","openMF","JavaScript",808,392,377
200,5627076,"spotlight","alphagov","JavaScript",836,834,817
201,866,"geonode","GeoNode","JavaScript",782,558,473
202,3825551,"bundler","bundler","Ruby",832,324,308
203,6422123,"fxa-content-server","mozilla","JavaScript",787,769,761
204,7976200,"erpnext","frappe","Python",737,438,422
205,4068,"jruby","jruby","Ruby",766,641,531
206,687922,"rubocop","bbatsov","Ruby",775,772,765
207,4931722,"Malhar","DataTorrent","Java",747,728,714
208,5210,"okhttp","square","Java",737,696,687
209,7332776,"eslint","eslint","JavaScript",681,681,678
210,45614,"puppetlabs-apache","puppetlabs","Ruby",761,631,590
211,8017495,"plottable","palantir","JavaScript",609,570,542
212,15806,"core","weld","Java",718,149,134
213,4453,"nette","nette","PHP",864,449,439
214,6821558,"MozStumbler","mozilla","Java",694,683,670
215,31402,"dokuwiki","splitbrain","PHP",779,293,290
216,5591,"facter","puppetlabs","Ruby",812,431,422
217,9316280,"concrete5-5.7.0","concrete5","PHP",620,552,534
218,2302110,"BuildCraft","BuildCraft","Java",784,167,165
219,76001,"UNL_UndergraduateBulletin","unl","PHP",629,521,499
220,1043143,"bootstrap","angular-ui","JavaScript",821,820,788
221,17802,"mongoid","mongoid","Ruby",822,605,361
222,3207718,"FrameworkBenchmarks","TechEmpower","PHP",754,163,135
223,3231545,"traceur-compiler","google","JavaScript",699,673,666
224,2898,"mongo-php-driver","mongodb","C",757,369,368
225,5828347,"habitrpg","HabitRPG","JavaScript",696,449,437
226,4571553,"play1","playframework","Python",803,0,0
227,7770,"pelican","getpelican","Python",788,551,523
228,362972,"class2go","Stanford-Online","JavaScript",822,177,176
229,12703,"chiliproject","chiliproject","Ruby",819,627,553
230,418,"sunpy","sunpy","Python",767,636,499
231,12507,"ariatemplates","ariatemplates","JavaScript",755,698,690
232,1386,"statsmodels","statsmodels","Python",739,541,530
233,3635801,"rr","mozilla","C",783,772,767
234,7212135,"npm","npm","JavaScript",684,587,190
235,37843,"DSpace","DSpace","Java",692,435,423
236,4712205,"MCServer","mc-server","C",713,546,526
237,1531853,"aodn-portal","aodn","JavaScript",712,703,690
238,6700,"ares-project","enyojs","JavaScript",793,326,319
239,23202,"forkcms","forkcms","PHP",700,0,0
240,1182,"scalding","twitter","Scala",714,707,605
241,4821874,"bem-components","bem","JavaScript",617,445,437
242,3056066,"www.ruby-lang.org","ruby","Ruby",690,467,430
243,1219597,"arcavias-core","Arcavias","PHP",776,775,765
244,2713024,"mbed","mbedmicro","C",586,501,486
245,37731,"dbal","doctrine","PHP",713,642,561
246,56186,"nipype","nipy","Python",739,407,168
247,1896,"progit","progit","Ruby",761,512,507
248,6761827,"https-everywhere","EFForg","JavaScript",504,216,192
249,13860,"ruby","ruby","Ruby",697,637,512
250,9384,"wp-cli","wp-cli","PHP",683,545,541
251,4143,"Essentials","essentials","Java",760,363,347
252,74,"libuv","joyent","C",754,665,81
253,1525905,"RapidFTR","rapidftr","JavaScript",758,483,281
254,12258,"devise","plataformatec","Ruby",704,583,340
255,59519,"frontend","alphagov","Ruby",689,326,148
256,6669384,"ead","e-ucm","Java",610,601,594
257,6261105,"homebrew-versions","caskroom","Ruby",516,179,156
258,21597,"geotools","geotools","Java",585,306,249
259,3479,"github-services","github","Ruby",713,646,71
260,43282,"czmq","zeromq","C",629,486,480
261,1953978,"sbt","sbt","Scala",687,289,269
262,4560965,"moment","moment","JavaScript",709,617,549
263,6653643,"scala-js","scala-js","Scala",621,607,272
264,72768,"curriculum","JumpstartLab","JavaScript",716,465,458
265,10941284,"TypeScript","Microsoft","JavaScript",393,355,348
266,7036767,"droidplanner","DroidPlanner","Java",667,248,244
267,48889,"lithium","UnionOfRAD","PHP",727,552,365
268,4812279,"Agora","softwerkskammer","JavaScript",677,676,671
269,4888521,"activator","typesafehub","Scala",558,215,181
270,1665150,"ng-grid","angular-ui","JavaScript",553,481,444
271,7294393,"lmms","LMMS","C++",471,447,436
272,3360645,"phaser","photonstorm","JavaScript",579,289,276
273,3822467,"pp-puppet","alphagov","Ruby",636,615,613
274,6876142,"caffe","BVLC","C++",583,287,278
275,7687582,"jsbin","jsbin","JavaScript",669,437,426
276,9289602,"flynn","flynn","JavaScript",221,200,194
277,11019,"padrino-framework","padrino","Ruby",686,602,466
278,82195,"Addon-Tests","mozilla","Python",698,19,19
279,3136825,"thelia","thelia","PHP",486,485,474
280,2122,"phantomjs","ariya","C++",659,155,43
281,26624,"celery","celery","Python",678,492,121
282,3787,"Aloha-Editor","alohaeditor","JavaScript",688,103,25
283,5465315,"rippled","ripple","C++",515,435,423
284,11450,"piwik","piwik","PHP",529,516,504
285,2719,"sidekiq","mperham","Ruby",647,630,521
286,3411703,"sufia","projecthydra","Ruby",540,491,486
287,17525,"archivesspace","hudmol","JavaScript",692,581,561
288,1312712,"contiki","contiki-os","C",628,598,586
289,1648,"scalaz","scalaz","Scala",652,583,543
290,3821279,"zanata-server","zanata","Java",630,627,20
291,5209,"octopress","imathis","Ruby",680,283,259
292,49876,"qreal","qreal","C++",626,481,467
293,715412,"WP-e-Commerce","wp-e-commerce","PHP",629,0,0
294,11387,"Codeception","Codeception","PHP",596,596,561
295,5778207,"vraptor4","caelum","Java",645,482,474
296,3150475,"balanced-dashboard","balanced","JavaScript",650,649,639
297,41728,"vumi","praekelt","Python",636,278,275
298,7560,"paparazzi","paparazzi","C",574,59,58
299,3054,"developer.github.com","github","Ruby",595,191,0
300,20381,"numerical_computing","byuimpact","Python",626,61,60
301,12885,"rails_admin","sferik","Ruby",643,418,253
302,8809028,"edx-ora2","edx","Python",628,628,622
303,1711636,"cat","dianping","Java",562,417,413
304,2423838,"encoded","ENCODE-DCC","JavaScript",492,490,479
305,896266,"luigi","spotify","Python",430,380,374
306,6015413,"seqan","seqan","C",537,366,352
307,3377,"html5-boilerplate","h5bp","JavaScript",635,37,35
308,50013,"OpenSlides","OpenSlides","Python",577,521,518
309,1941762,"rpcs3","DHrpcs3","C++",506,349,341
310,1368068,"pulp_rpm","pulp","Python",590,0,0
311,2713,"rhc","openshift","Ruby",637,536,511
312,9686313,"fcrepo4","fcrepo4","Java",562,562,550
313,3794,"cgxp","camptocamp","JavaScript",628,331,327
314,1196,"pacemaker","ClusterLabs","C",601,173,143
315,6301,"jshint","jshint","JavaScript",550,371,365
316,5342282,"nikola","getnikola","Python",582,506,499
317,9982829,"Pillow","python-pillow","Python",583,553,536
318,1372754,"canjs","bitovi","JavaScript",560,509,485
319,13255,"veewee","jedi4ever","Ruby",626,184,182
320,2560242,"topaz","topazproject","Python",629,428,426
321,7756,"alloy","appcelerator","JavaScript",582,279,269
322,19371,"web2py","web2py","Python",532,473,466
323,9499997,"OpenBazaar","OpenBazaar","Python",516,404,395
324,2367007,"geotrellis","geotrellis","Scala",555,394,389
325,3215302,"JabbR","JabbR","JavaScript",621,207,201
326,21128,"Haraka","baudehlo","JavaScript",530,151,150
327,38823,"sensu","sensu","Ruby",610,360,271
328,4388,"ninja","martine","C++",578,187,186
329,3601879,"video.js","videojs","JavaScript",536,369,359
330,7415,"mit-license","remy","PHP",567,65,64
331,3217567,"resque","resque","Ruby",610,192,187
332,2546020,"stan","stan-dev","C++",550,413,1
333,544,"sproutcore","sproutcore","JavaScript",604,145,144
334,86752,"invenio","inveniosoftware","Python",447,447,440
335,21122,"graphite-web","graphite-project","JavaScript",529,261,258
336,5350143,"docs","sendgrid","JavaScript",314,202,189
337,2911219,"gaia","CroceRossaCatania","PHP",496,77,5
338,7975648,"frappe","frappe","JavaScript",544,382,378
339,4662620,"hflossk","decause","JavaScript",540,163,153
340,9033666,"LedgerSMB","ledgersmb","JavaScript",524,236,229
341,7269260,"WebsiteOne","AgileVentures","Ruby",588,588,576
342,11131665,"stellar-client","stellar","JavaScript",554,6,6
343,1042189,"webpay","mozilla","Python",567,567,72
344,1085,"flask","mitsuhiko","Python",563,357,337
345,1504740,"webview","Connexions","Python",515,515,512
346,7803,"mezzanine","stephenmcd","Python",557,512,387
347,3934776,"qt-client","xtuple","C++",536,129,123
348,156798,"DGtal","DGtal-team","C++",583,344,323
349,614053,"alaveteli","mysociety","Ruby",522,474,364
350,9459,"cas","Jasig","Java",524,222,214
351,1709,"symfony-docs-fr","symfony-fr","Python",572,49,45
352,5216326,"marathon","mesosphere","Scala",397,377,371
353,3148364,"ralph_assets","allegro","JavaScript",496,489,379
354,1964605,"ardupilot","diydrones","C",460,0,0
355,2956308,"amber","amber-smalltalk","JavaScript",580,394,389
356,12841,"shinken","naparuba","Python",528,74,74
357,3218707,"gaffer","ImageEngine","Python",498,52,52
358,29670,"fabric.js","kangax","JavaScript",538,505,483
359,27439,"mongo-ruby-driver","mongodb","Ruby",533,409,394
360,4959838,"beaker","puppetlabs","Ruby",458,440,304
361,48706,"ESP-Website","learning-unlimited","Python",526,311,310
362,14901,"autotest","autotest","Python",559,107,86
363,9120368,"hound","thoughtbot","Ruby",385,216,216
364,67883,"blaze","ContinuumIO","Python",492,455,444
365,34279,"salt-cloud","saltstack","Python",569,163,161
366,19093,"fuelux","ExactTarget","JavaScript",431,429,365
367,7197777,"micropython","micropython","C",497,253,249
368,7074,"Modernizr","Modernizr","JavaScript",526,422,369
370,9604234,"mercury","Wikia","JavaScript",339,312,301
371,525974,"apps","owncloud","JavaScript",553,160,141
372,3700748,"popcorn.webmaker.org","mozilla","JavaScript",560,555,551
373,937,"grails-core","grails","Java",535,49,35
374,1856,"MopaBootstrapBundle","phiamo","PHP",527,522,384
375,21231,"psychopy","psychopy","Python",474,309,303
376,7078683,"LMIS-Chrome","eHealthAfrica","JavaScript",556,517,497
377,54171,"core","kohana","PHP",530,8,8
378,10040,"mongoose","LearnBoost","JavaScript",470,221,211
379,11624199,"fizteh-java-2014","dkomanov","Java",328,268,252
380,5402577,"dropwizard","dropwizard","Java",483,269,255
382,4234273,"less.js","less","JavaScript",501,80,80
383,6405257,"dkobo","kobotoolbox","Python",481,294,286
384,16444,"easybib-cookbooks","till","Ruby",464,439,433
385,23834,"capybara","jnicklas","Ruby",524,366,262
386,11975,"symfony-standard","symfony","PHP",511,62,26
387,2561674,"junit","junit-team","Java",505,58,55
388,185,"rspec-mocks","rspec","Ruby",471,455,414
389,96553,"sails","balderdashy","JavaScript",482,431,377
390,3296255,"chamilo-lms","chamilo","PHP",424,246,218
391,10679,"fail2ban","fail2ban","Python",475,447,435
392,39075,"cppcheck","danmar","C++",457,351,348
393,42335,"inasafe","AIFDR","Python",330,58,57
394,1173,"scrapy","scrapy","Python",505,446,272
395,1802891,"ilios","ilios","PHP",503,438,426
396,2315,"Spout","SpoutDev","Java",526,47,46
397,5645492,"superdesk-server","superdesk","Python",335,333,329
398,994315,"elliptics","reverbrain","C",519,63,63
399,2367064,"asciidoctor","asciidoctor","Ruby",496,411,401
400,1523,"marketplace-tests","mozilla","Python",489,82,79
401,181526,"sentry","getsentry","Python",477,272,262
402,327962,"growstuff","Growstuff","Ruby",440,377,361
403,6086,"silverstripe-cms","silverstripe","PHP",514,301,294
404,7606238,"encore-ui","rackerlabs","JavaScript",407,400,395
405,9856617,"Kawaz3rd","kawazrepos","Python",336,336,334
406,22981,"Crafty","craftyjs","JavaScript",480,65,63
407,21703,"right_link","rightscale","Ruby",494,7,7
408,2820036,"pixi.js","GoodBoyDigital","JavaScript",421,267,261
409,9119157,"BridgePF","Sage-Bionetworks","Java",307,304,60
410,70480,"uPortal","Jasig","Java",455,315,223
411,1301,"heroku","heroku","Ruby",390,327,261
412,44604,"Limnoria","ProgVal","Python",396,243,216
413,4898514,"aerogear-unifiedpush-server","aerogear","Java",428,428,417
414,2696,"phpunit","sebastianbergmann","PHP",454,233,227
415,20429,"paperclip","thoughtbot","Ruby",488,400,247
416,44168,"mongodb-odm","doctrine","PHP",481,321,234
417,9553148,"SearchWorks","sul-dlss","Ruby",481,481,473
418,8730,"fjord","mozilla","Python",377,0,0
419,4114,"CocoaPods","CocoaPods","Ruby",423,407,349
420,2893590,"open-data-certificate","theodi","JavaScript",452,113,107
421,6304519,"jcabi-github","jcabi","Java",460,102,100
422,8525,"stylus","LearnBoost","JavaScript",472,217,208
423,8221199,"openmw","OpenMW","C++",352,330,323
424,8970485,"OpenRCT2","IntelOrca","C",356,146,142
425,107599,"rootpy","rootpy","Python",488,473,471
426,931243,"adhocracy","liqd","Python",487,389,313
427,114,"zepto","madrobby","JavaScript",474,220,172
428,26666,"Elastica","ruflin","PHP",435,354,258
429,608,"errbit","errbit","Ruby",431,389,173
430,4706454,"protractor","angular","JavaScript",389,307,298
431,5351802,"hashstack","hashdist","Python",358,345,341
432,2861886,"avalon","avalonmediasystem","JavaScript",404,33,32
433,3123774,"vhs","FluidTYPO3","PHP",446,356,353
434,7748273,"wagtail","torchbox","Python",374,360,357
435,20786,"bosh","cloudfoundry","Ruby",450,443,427
436,9550562,"beaker-notebook","twosigma","JavaScript",320,209,206
437,19535,"pybossa","PyBossa","Python",418,387,376
438,1029082,"picketlink","picketlink","Java",432,240,70
439,7975316,"geomesa","locationtech","Scala",349,349,340
440,5626,"beets","sampsyo","Python",397,374,342
441,310,"grape","intridea","Ruby",410,402,291
442,3746639,"carrierwave","carrierwaveuploader","Ruby",448,136,133
443,45316,"open-build-service","openSUSE","Ruby",446,395,378
444,296,"abaaso","avoidwork","JavaScript",469,433,421
445,45584,"gallery3","gallery","PHP",468,277,51
446,1912872,"aws-cli","aws","Python",379,375,373
447,5911126,"sulu","sulu-cmf","PHP",286,286,282
448,153369,"ogs","ufz","C++",393,386,384
449,20562,"PDAL","PDAL","C++",319,292,287
450,4090,"luvit","luvit","C",373,301,177
451,8249,"FOSRestBundle","FriendsOfSymfony","PHP",416,349,279
452,3829906,"kat-gui","ChrisBoesch","JavaScript",458,458,438
453,8717081,"DoctrineExtensions","Atlantic18","PHP",443,354,277
454,158585,"XChange","timmolter","Java",383,358,346
455,4403964,"forgottenserver","otland","C++",417,415,407
456,46959,"phpcr-odm","doctrine","PHP",447,368,310
457,54701,"lorsource","maxcom","Java",441,196,196
458,7723296,"olympia","mozilla","Python",357,170,169
459,36713,"node-mongodb-native","mongodb","JavaScript",417,240,35
460,20386,"rspec-expectations","rspec","Ruby",404,377,345
461,2727,"jquery-validation","jzaefferer","JavaScript",430,260,256
462,1372730,"dul-hydra","duke-libraries","Ruby",418,418,414
463,1036,"middleman","middleman","Ruby",427,392,251
464,4251,"phpDocumentor2","phpDocumentor","PHP",427,346,269
465,13347,"orbisgis","irstv","Java",426,90,88
466,3656,"bootstrap-datepicker","eternicode","JavaScript",411,264,254
467,6508040,"spotlight","sul-dlss","Ruby",329,329,325
468,101993,"AdmingeneratorGeneratorBundle","symfony2admingenerator","PHP",432,305,282
469,4141934,"mev","dfci-cccb","Java",431,430,415
470,2909122,"tengine","alibaba","C",436,47,46
471,21750,"dipy","nipy","Python",346,323,311
472,71334,"teuthology","ceph","Python",350,0,0
473,7653719,"tp-libvirt","autotest","Python",357,261,261
474,5565502,"bonnie","projecttacoma","Ruby",408,408,405
475,3542506,"windup","windup","Java",299,52,1
476,4612733,"OpenStudio","NREL","C++",384,235,1
477,18104,"guzzle","guzzle","PHP",410,409,361
478,24524,"atk4","atk4","PHP",412,176,173
479,6437914,"ionic","driftyco","JavaScript",365,362,231
480,20849,"blacklight","projectblacklight","Ruby",345,312,308
481,1565,"rspec-rails","rspec","Ruby",377,341,276
482,6785,"tinymce","tinymce","JavaScript",418,78,0
483,11744,"Propel2","propelorm","PHP",400,322,271
484,4059324,"missionhub","CruGlobal","Ruby",384,261,261
485,62586,"ettercap","Ettercap","C",407,256,247
486,3289197,"thimble.webmaker.org","mozilla","JavaScript",419,403,399
487,33666,"wakame-vdc","axsh","Ruby",418,233,1
488,20701,"mantisbt","mantisbt","PHP",401,327,317
489,3150169,"flux","FluidTYPO3","PHP",402,287,282
490,13546,"nbites","northern-bites","C++",424,156,61
491,7289481,"OpenMS","OpenMS","C++",298,286,279
493,81748,"libcloud","apache","Python",351,212,207
494,7106,"wdntemplates","unl","JavaScript",422,97,93
495,22385,"miro","pculture","Python",426,81,22
496,3918,"mrjob","Yelp","Python",414,150,146
497,4909,"cjdns","cjdelisle","C",391,266,249
498,5754,"_s","Automattic","PHP",400,33,32
499,5769828,"stratosphere","stratosphere","Java",421,407,350
500,10224575,"opentxs","Open-Transactions","C++",290,288,154
501,9422,"fish-shell","fish-shell","C++",398,102,101
502,3051792,"habitrpg-shared","HabitRPG","JavaScript",319,297,279
503,21752,"jsdom","tmpvar","JavaScript",380,166,165
504,3263294,"hy","hylang","Python",381,333,330
505,738430,"angular-strap","mgcrea","JavaScript",336,336,328
506,3110119,"backdrop","alphagov","Python",368,307,256
507,4804053,"wordpress-seo","Yoast","PHP",337,322,318
508,13813,"oh-mainline","openhatch","Python",377,308,302
509,29253,"numba","numba","Python",323,295,272
510,18170,"shoes4","shoes","Ruby",342,341,313
511,1438441,"active_model_serializers","rails-api","Ruby",383,297,291
512,3714,"connect","senchalabs","JavaScript",409,193,192
513,3130647,"talkilla","mozilla","JavaScript",411,409,401
514,18716,"rubygems","rubygems","Ruby",381,288,228
515,8556399,"scikit-bio","biocore","Python",374,365,356
516,86988,"ojs","pkp","PHP",332,219,201
517,9525,"Propel","propelorm","PHP",402,247,236
518,17971,"spray","spray","Scala",395,335,332
519,6242667,"digiroad2","finnishtransportagency","JavaScript",341,340,124
520,3331025,"scalatest","scalatest","Scala",352,134,134
521,901621,"JohnTheRipper","magnumripper","C",390,121,120
522,3890188,"cyder","OSU-Net","Python",372,81,81
523,4290149,"serverspec","serverspec","Ruby",381,230,227
524,12132,"rails-i18n","svenfuchs","Ruby",387,221,192
525,6420548,"fxa-auth-server","mozilla","JavaScript",382,382,379
526,4834743,"girder","girder","Python",250,220,217
527,6178378,"WP-API","WP-API","PHP",266,227,221
528,23569,"brakeman","presidentbeef","Ruby",359,356,282
529,5047916,"blueflood","rackerlabs","Java",357,297,292
530,6399876,"ossec-hids","ossec","C",313,311,308
531,833,"redis-doc","antirez","Ruby",355,191,190
532,18883,"bem-bl","bem","JavaScript",359,197,194
533,51900,"werkzeug","mitsuhiko","Python",356,162,159
534,8721,"openscad","openscad","C++",330,194,154
535,64336,"rstat.us","hotsh","Ruby",387,235,131
536,35770,"rubygems.org","rubygems","Ruby",274,212,160
537,18892,"middleman-guides","middleman","Ruby",328,38,38
538,64383,"tiddlyspace","TiddlySpace","JavaScript",387,6,6
539,1960221,"deegree3","deegree","Java",365,141,112
540,2281,"gradle","gradle","Java",345,92,91
541,15841,"simple_form","plataformatec","Ruby",379,317,174
542,4604,"waterbear","waterbearlang","JavaScript",306,0,0
543,10505,"gunicorn","benoitc","Python",358,262,244
544,3086437,"karma","karma-runner","JavaScript",369,222,218
545,6456,"qtile","qtile","Python",334,133,59
546,517631,"packaging","puppetlabs","Ruby",352,86,86
547,59636,"PHProjekt","Mayflower","PHP",381,128,113
548,8423,"znc","znc","C++",302,220,216
549,42812,"puppetlabs-firewall","puppetlabs","Ruby",327,252,237
550,24423,"puppetlabs-stdlib","puppetlabs","Ruby",329,213,201
551,24293,"pootle","translate","Python",321,316,311
552,3271842,"ralph_pricing","allegro","Python",329,312,224
553,11665645,"opendata.cern.ch","cernopendata","Python",271,102,100
554,9384999,"gatewayd","ripple","JavaScript",268,266,250
555,3817505,"openvault","afred","Ruby",292,289,283
556,111811,"picard","musicbrainz","Python",357,184,184
557,9238192,"ivory","ambiata","Scala",264,243,241
558,62421,"taglib","taglib","C++",358,286,284
559,3219054,"FOSElasticaBundle","FriendsOfSymfony","PHP",351,222,217
560,7363221,"core","opencrowbar","JavaScript",258,112,112
562,8725128,"tajo","apache","Java",232,225,222
563,4350728,"genometools","genometools","C",310,309,306
564,28376,"qupzilla","QupZilla","C++",363,47,46
565,29643,"phpseclib","phpseclib","PHP",304,297,290
566,35079,"croogo","croogo","PHP",359,296,259
567,1617577,"programmes-plant","unikent","JavaScript",341,288,281
568,176,"chaplin","chaplinjs","JavaScript",371,253,249
569,5217073,"summingbird","twitter","Scala",345,241,240
570,595203,"drush","drush-ops","PHP",306,306,297
571,1934313,"rt-thread","RT-Thread","C",323,300,297
572,5162,"twitter-bootstrap-rails","seyhunak","Ruby",363,346,228
573,48190,"ldc","ldc-developers","C",341,300,295
574,5424298,"loopback","strongloop","JavaScript",299,245,240
575,202631,"oce","tpaviot","C++",366,46,45
576,6483396,"onadata","onaio","Python",328,325,313
577,14279,"highlight.js","isagalaev","JavaScript",316,43,43
578,6299035,"analytics.js-integrations","segmentio","JavaScript",307,307,302
579,56050,"Faker","fzaninotto","PHP",337,324,301
580,11638,"readthedocs.org","rtfd","Python",348,225,224
581,7358769,"appleseed","appleseedhq","C",292,115,114
582,11821,"androidannotations","excilys","Java",347,56,56
583,14441,"HWIOAuthBundle","hwi","PHP",352,352,286
584,1884014,"botocore","boto","Python",294,291,287
585,692866,"GWTP","ArcBees","Java",314,0,0
586,19844,"publisher","alphagov","Ruby",276,174,11
587,51343,"SonataMediaBundle","sonata-project","PHP",343,309,229
588,832648,"FieldDB","OpenSourceFieldlinguistics","JavaScript",326,125,118
589,1871853,"ckanext-canada","open-data","JavaScript",344,88,85
590,17589,"shoulda-matchers","thoughtbot","Ruby",328,311,247
591,6515823,"adam","bigdatagenomics","Scala",302,179,5
592,70769,"rummager","alphagov","Ruby",307,219,24
593,8246028,"wesnoth","wesnoth","C++",321,297,289
594,101854,"mopidy","mopidy","Python",315,277,275
595,25213,"slick","slick","Scala",325,168,164
596,11000,"gaia-email-libs-and-more","mozilla-b2g","JavaScript",336,118,117
597,42446,"ql.io","ql-io","JavaScript",359,282,27
598,22616,"retrofit","square","Java",332,274,272
599,4944192,"moneymanagerex","moneymanagerex","C",268,268,254
600,4687991,"husky","massiveart","JavaScript",312,309,302
601,3409,"jigoshop","jigoshop","PHP",326,147,82
602,7266,"networkx","networkx","Python",315,215,215
603,31472,"jubatus","jubatus","C++",328,320,239
604,5588556,"oregondigital","OregonDigital","Ruby",309,309,295
605,10038221,"runtime","tessel","JavaScript",316,215,23
606,5068817,"distarray","enthought","C",351,329,311
607,5142,"cython","cython","Python",319,152,148
608,52687,"ontohub","ontohub","Ruby",311,309,307
609,44436,"Board3-Portal","board3","PHP",310,160,157
610,4794575,"zephir","phalcon","C",302,299,297
611,1678,"cucumber","cucumber","Ruby",344,303,215
612,123640,"phpspec","phpspec","PHP",310,279,269
613,1113,"travis-core","travis-ci","Ruby",327,327,274
614,3075805,"huginn","cantino","Ruby",317,314,309
615,822535,"jbosstools-website","jbosstools","JavaScript",271,264,261
616,3283627,"SimpleCV","sightmachine","Python",346,124,113
617,3235578,"H2GIS","irstv","Java",313,285,266
618,2888,"fluentd","fluent","Ruby",297,216,208
619,1430784,"framework","qcubed","PHP",268,240,227
620,1028984,"grunt","gruntjs","JavaScript",334,183,171
621,3573111,"vispy","vispy","Python",288,282,273
622,12163,"avoinministerio","avoinministerio","Ruby",344,328,117
623,1729,"Minecraft-Overviewer","overviewer","Python",337,116,115
624,1397979,"aws-sdk-ruby","aws","Ruby",325,244,241
625,911555,"YiiBooster","clevertech","JavaScript",338,32,28
626,10088234,"helios","spotify","Java",246,245,114
627,45347,"mootools-more","mootools","JavaScript",337,41,40
628,1373571,"lodmill","lobid","Java",312,312,310
629,89852,"Vellum","dimagi","JavaScript",265,189,183
630,13021,"suspenders","thoughtbot","Ruby",288,278,254
631,3377196,"ZoneMinder","ZoneMinder","PHP",255,183,168
632,3818,"node-browserify","substack","JavaScript",313,272,224
634,1539283,"generator-angular","yeoman","JavaScript",310,300,292
635,59743,"astroquery","astropy","Python",319,301,301
636,69663,"Flexget","Flexget","Python",272,260,255
637,6823666,"WikibaseDataModel","wmde","PHP",243,243,236
638,11860,"thebuggenie","thebuggenie","PHP",319,47,39
639,28304,"django-extensions","django-extensions","Python",307,212,200
640,39021,"core-geonetwork","geonetwork","JavaScript",296,63,61
641,3777512,"PocketMine-MP","PocketMine","PHP",290,277,144
642,3358082,"fof","akeeba","PHP",300,213,198
643,16729,"geocoder","alexreisner","Ruby",304,206,200
644,334,"reveal.js","hakimel","JavaScript",318,218,212
645,7058,"pry","pry","Ruby",316,288,219
646,21721,"leechcraft","0xd34df00d","C++",327,95,42
647,31779,"travis-build","travis-ci","Ruby",270,270,246
648,33584,"metacpan-web","CPAN-API","JavaScript",320,244,233
649,46880,"SonataPageBundle","sonata-project","PHP",303,297,228
650,13127,"thrift","apache","C++",235,163,156
651,3173796,"exist","eXist-db","Java",269,260,257
652,48764,"cucumber-jvm","cucumber","Java",319,244,186
653,59074,"avian","ReadyTalk","C++",292,269,266
654,13573,"bnd","bndtools","Java",223,104,97
655,23830,"mootools-core","mootools","JavaScript",315,73,72
656,2705,"mail","mikel","Ruby",323,243,155
657,12695,"monolog","Seldaek","PHP",288,251,217
658,4612,"mapnik","mapnik","C++",286,216,203
659,4252,"dygraphs","danvk","JavaScript",293,19,19
660,36569,"platform","proofpoint","Java",283,3,3
661,12558,"framework","lift","Scala",293,0,0
662,934,"jedis","xetorthio","Java",274,97,95
663,3213962,"stacktach","rackerlabs","Python",320,135,135
664,7826,"fpm","jordansissel","Ruby",315,242,98
665,6444905,"helpful-web","asm-helpful","Ruby",316,316,307
666,11441,"pyzmq","zeromq","Python",305,215,204
667,1349059,"ledger","ledger","C++",250,85,84
668,51965,"sandbox","sonata-project","PHP",292,288,75
669,69357,"solitude","mozilla","Python",292,292,27
670,67190,"docs","railsbridge","Ruby",295,212,196
671,55275,"biopython","biopython","Python",294,248,233
672,11338,"pygit2","libgit2","C",291,230,216
673,22528,"formtastic","justinfrench","Ruby",305,209,100
674,55411,"rugged","libgit2","C",304,251,248
675,2496321,"generator","yeoman","JavaScript",296,228,227
676,1960528,"Parsley.js","guillaumepotier","JavaScript",273,273,266
677,1041,"zipkin","twitter","Scala",312,309,172
678,4274814,"ember-app-kit","stefanpenner","JavaScript",311,279,232
679,2784,"calabash-ios","calabash","Ruby",268,114,103
680,3720099,"picasso","square","Java",278,118,118
681,12765,"flask-admin","mrjoes","Python",250,226,219
682,6494034,"bitcoinj","bitcoinj","Java",265,92,92
683,3094,"qunit","jquery","JavaScript",282,121,120
684,10610,"statsd","etsy","JavaScript",307,249,240
685,1175,"PyOP2","OP2","Python",305,135,135
686,15241,"phing","phingofficial","PHP",244,171,167
687,9682677,"coderwall","assemblymade","JavaScript",241,239,226
688,3219349,"write-it","ciudadanointeligente","Python",247,229,222
689,15664,"django-timepiece","caktus","Python",309,52,52
690,6717841,"kite","kite-sdk","Java",241,241,238
691,29078,"SonataUserBundle","sonata-project","PHP",293,245,200
692,21571,"casperjs","n1k0","JavaScript",291,289,218
693,1362806,"draper","drapergem","Ruby",306,299,180
694,16922,"engine","locomotivecms","Ruby",304,201,115
695,4977,"cuckoo","cuckoobox","Python",277,65,55
696,1743,"django-allauth","pennersr","Python",278,210,206
697,18336,"ZfcUser","ZF-Commons","PHP",296,57,56
698,11602,"travis-cookbooks","travis-ci","Ruby",253,177,175
699,3486982,"streamhub-sdk","Livefyre","JavaScript",285,247,226
700,24428,"riak-java-client","basho","Java",304,216,31
701,23435,"urllib3","shazow","Python",282,200,199
702,16166,"guard","guard","Ruby",268,251,156
703,1993558,"Hercules","HerculesWS","C",240,222,217
704,16998,"hexchat","hexchat","C",289,140,136
705,1361727,"zipline","quantopian","Python",258,258,254
706,618195,"ProMotion","clearsightstudio","Ruby",263,241,236
707,6718190,"specinfra","serverspec","Ruby",226,224,222
708,11371,"Bonfire","ci-bonfire","PHP",293,18,1
709,319220,"gooddata-ruby","gooddata","Ruby",242,213,192
710,189579,"raven-python","getsentry","Python",282,194,180
711,9972987,"ng-cordova","driftyco","JavaScript",211,29,20
712,696536,"seqware","SeqWare","Java",272,0,0
713,1911,"PHP_CodeSniffer","squizlabs","PHP",256,250,1
714,7783514,"osc-plugin-factory","openSUSE","Python",263,241,239
715,25681,"NelmioApiDocBundle","nelmio","PHP",293,292,246
716,13181,"pythran","serge-sans-paille","Python",270,30,29
717,19443,"marionette-collective","puppetlabs","Ruby",262,141,140
718,3055228,"parquet-mr","Parquet","Java",295,287,286
719,10412,"omniauth","intridea","Ruby",291,202,32
721,17519,"assetic","kriswallsmith","PHP",286,210,182
722,128749,"mozmill-ci","mozilla","Python",270,75,75
723,5667065,"quark","rackerlabs","Python",219,218,212
724,5580485,"firedrake","firedrakeproject","C",240,224,220
725,106514,"pyclaw","clawpack","Python",273,197,153
726,65399,"conductor","aeolusproject","Ruby",291,288,217
727,3346024,"mackup","lra","Python",237,165,133
728,2653822,"login.webmaker.org","mozilla","JavaScript",287,277,268
729,546037,"android","owncloud","Java",239,139,139
730,1331862,"poco","pocoproject","C",243,214,113
731,25156,"govuk_content_models","alphagov","Ruby",241,159,43
732,3284624,"koreader-base","koreader","C",251,155,155
733,32136,"the_silver_searcher","ggreer","C",248,22,22
734,3208,"ua-parser","tobie","PHP",283,226,223
735,10856,"forem","radar","Ruby",276,266,161
736,23203,"magento2","magento","PHP",209,33,30
737,6957,"shark","amplab","Scala",285,221,0
738,2760274,"appium-dot-app","appium","JavaScript",253,182,174
739,7149279,"gulp","gulpjs","JavaScript",249,249,247
740,1423180,"gist-mail","sanemat","Ruby",280,268,268
741,4796618,"webtrees","fisharebest","PHP",212,35,32
742,8193585,"ratchet","twbs","JavaScript",270,117,116
743,6504,"KunstmaanAdminBundle","Kunstmaan","JavaScript",280,232,169
744,407274,"catkin","ros","Python",275,43,43
745,56659,"Behat","Behat","PHP",268,240,160
746,6427224,"xe-core","xpressengine","PHP",219,218,216
747,164139,"cpputest","cpputest","C++",258,243,240
748,9840,"mongo-java-driver","mongodb","Java",270,181,169
749,8653989,"autotest-docker","autotest","Python",234,92,90
750,5433,"hallway","Singly","JavaScript",280,227,219
751,785823,"remoteStorage.js","RemoteStorage","JavaScript",265,245,39
752,2254383,"selenium","SeleniumHQ","JavaScript",249,69,1
753,3795273,"doxygen","doxygen","C++",227,220,218
754,4835098,"pombola","mysociety","Python",258,84,83
755,40080,"concerto","concerto","Ruby",265,265,255
756,597361,"coworfing","nukomeet","Ruby",276,127,107
757,121,"propelorm.github.com","propelorm","JavaScript",267,76,73
758,1341241,"tracing-framework","google","JavaScript",274,273,236
759,774,"Socorro-Tests","mozilla","Python",256,15,15
760,395042,"jquery.ime","wikimedia","JavaScript",272,54,9
761,6770092,"genshyft","ChrisBoesch","JavaScript",274,274,269
762,6584,"liquid","Shopify","Ruby",264,241,198
763,6929008,"homebrew-fonts","caskroom","Ruby",224,48,42
764,918502,"cellcounter","cellcounter","Python",263,231,218
765,218725,"sbt-native-packager","sbt","Scala",228,153,151
766,2281158,"openfluid","OpenFLUID","C++",243,52,49
767,10559,"Sinon.JS","cjohansen","JavaScript",241,182,170
768,7933571,"coding-events","codeeu","Python",272,226,220
769,2847808,"ui-router","angular-ui","JavaScript",255,250,233
770,34,"android","github","Java",194,107,105
771,10307,"chef-logstash","lusis","Ruby",265,260,244
772,4846,"handlebars.js","wycats","JavaScript",254,204,175
773,66318,"player","Animatron","JavaScript",237,180,176
774,13988,"OpenSC","OpenSC","C",242,0,0
775,194456,"opengm","opengm","C++",261,169,164
776,849289,"georchestra","georchestra","Java",254,189,178
777,4275487,"ci-puppet","alphagov","Ruby",231,70,68
778,15651,"capifony","everzet","Ruby",265,130,71
779,8466,"puppetlabs-rabbitmq","puppetlabs","Ruby",210,180,177
780,3425,"SonataDoctrineORMAdminBundle","sonata-project","PHP",254,249,147
781,2420627,"browscap","browscap","PHP",235,234,233
782,37723,"common","doctrine","PHP",257,192,110
783,162539,"wouso","rosedu","Python",204,29,27
784,64830,"mapserver","mapserver","C",251,213,151
785,7652132,"tp-qemu","autotest","Python",213,136,136
786,7825235,"beyondz-platform","beyond-z","Ruby",235,192,186
787,8991,"bem-tools","bem","JavaScript",258,245,204
788,288440,"EFG","alphagov","Ruby",252,232,26
789,2279094,"SpiderOakMobileClient","SpiderOak","JavaScript",245,245,233
790,7894,"money","RubyMoney","Ruby",234,202,153
791,2747076,"joomla-framework","joomla","PHP",261,261,260
792,4239601,"sbt-remote-control","sbt","Scala",208,130,119
793,9098258,"cheerio","cheeriojs","JavaScript",238,226,208
794,457398,"phantomas","macbre","JavaScript",217,167,166
795,773732,"titanium-code-processor","appcelerator","JavaScript",259,1,1
796,8497,"nvd3","novus","JavaScript",219,0,0
797,422,"ember-rails","emberjs","Ruby",228,225,171
798,120322,"algebird","twitter","Scala",225,218,167
799,21093,"activerecord-jdbc-adapter","jruby","Ruby",250,194,134
800,3240873,"skylines","skylines-project","JavaScript",243,231,227
801,6436054,"ecommerce","sonata-project","PHP",229,228,224
802,231,"celluloid","celluloid","Ruby",247,233,218
803,234223,"geoext2","geoext","JavaScript",223,49,48
804,80421,"LiipImagineBundle","liip","PHP",239,222,179
805,3052226,"XBlock","edx","Python",235,214,61
806,7233,"sunspot","sunspot","Ruby",254,171,108
807,687,"launchpad","gwu-libraries","Python",213,206,194
808,2311994,"nanoc","nanoc","Ruby",227,138,109
809,1843,"bitcoinjs-lib","bitcoinjs","JavaScript",219,185,183
810,2876,"async","caolan","JavaScript",243,34,33
811,17196,"riak-python-client","basho","Python",242,160,98
812,3254365,"zf1","zendframework","PHP",218,186,186
813,8310,"comfortable-mexican-sofa","comfy","Ruby",237,183,116
814,66865,"VisitorChat","unl","PHP",250,249,143
815,857627,"dagger","square","Java",246,209,201
816,7049978,"reicast-emulator","reicast","C",239,210,5
817,306638,"dimagi-utils","dimagi","Python",224,139,137
818,1874305,"moveit_ros","ros-planning","C++",228,110,98
819,1838098,"Kotti","Kotti","Python",210,95,91
820,288694,"airlift","airlift","Java",224,101,100
821,884722,"angular-leaflet-directive","tombatossals","JavaScript",218,122,116
822,11247,"yeoman.io","yeoman","JavaScript",216,146,40
823,17373,"eutester","eucalyptus","Python",234,109,106
824,2146,"mongo-python-driver","mongodb","Python",244,55,3
825,26697,"mcMMO","mcMMO-Dev","Java",241,106,26
826,33145,"clearance","thoughtbot","Ruby",206,179,142
827,3671,"sorcery","NoamB","Ruby",241,184,131
828,141927,"rubyspec","rubyspec","Ruby",236,109,108
829,2717829,"typeahead.js","twitter","JavaScript",246,246,243
830,276993,"lims-core","sanger","Ruby",246,183,168
831,6081539,"ieee","CalPolyIEEE","Python",238,220,216
832,6205,"tweepy","tweepy","Python",221,142,115
833,147,"ActionBarSherlock","JakeWharton","Java",245,120,117
834,738258,"turtle.io","avoidwork","JavaScript",244,244,235
836,5483,"node-restify","mcavage","JavaScript",232,221,167
837,42745,"django-debug-toolbar","django-debug-toolbar","Python",238,164,148
838,42750,"panopticon","alphagov","Ruby",228,151,29
839,6570,"hiera","puppetlabs","Ruby",205,107,105
840,3183404,"commafeed","Athou","Java",233,12,11
841,62039,"wymeditor","wymeditor","JavaScript",192,105,104
842,12302,"puma","puma","Ruby",226,207,194
843,27859,"capybara-webkit","thoughtbot","Ruby",232,83,81
844,619818,"frontend","bountysource","JavaScript",241,215,206
845,19117,"virtualenv","pypa","Python",218,142,124
846,43061,"supercollider","supercollider","C++",210,38,32
847,295815,"casexml","dimagi","Python",239,187,187
848,8016,"android-async-http","loopj","Java",224,118,110
849,518450,"refinerycms-blog","refinery","Ruby",219,47,45
850,2479001,"Sylius-Docs","Sylius","Python",202,56,56
851,14952,"node-postgres","brianc","JavaScript",224,178,170
852,85135,"atlas-model","atlasapi","Java",229,26,25
853,5932962,"cylon","hybridgroup","JavaScript",218,218,135
854,6413,"commons","twitter","Java",228,172,170
855,316,"kaminari","amatsuda","Ruby",227,172,85
856,10146,"node-http-proxy","nodejitsu","JavaScript",221,146,134
857,525,"html5please","h5bp","JavaScript",220,0,0
858,4738006,"frontend-www","theodi","Ruby",229,33,32
859,24393,"nodeclub","cnodejs","JavaScript",223,197,179
860,1361512,"pyrax","rackspace","Python",213,199,198
861,35703,"groonga","groonga","C",212,204,183
862,1375228,"zyre","zeromq","C",209,144,139
863,6842298,"Mudlet","Mudlet","C++",212,200,193
864,40889,"Claroline","claroline","JavaScript",229,165,162
865,248963,"imbo","imbo","PHP",228,216,175
866,21276,"prawn","prawnpdf","Ruby",223,158,156
867,11020,"vienna-rss","ViennaRSS","C",211,0,0
868,18478,"nipy","nipy","C",233,15,15
869,1299795,"curriculum","opsschool","Python",219,204,196
870,5464,"sprockets","sstephenson","Ruby",216,207,131
871,1477835,"eve","nicolaiarocci","Python",207,207,187
872,5543456,"sensor-cloud-website","projectcs13","Ruby",232,222,213
873,16245,"FOSCommentBundle","FriendsOfSymfony","PHP",227,161,99
874,7178,"foreman","ddollar","Ruby",224,184,137
875,2438,"BubbleWrap","rubymotion","Ruby",227,120,119
876,9146,"trema","trema","C",224,117,65
877,127064,"Hydra","Findwise","Java",219,109,107
878,7317,"scribe-java","fernandezpablo85","Java",226,141,103
879,4185415,"sm","xapi-project","Python",218,61,14
880,2283104,"ooni-probe","TheTorProject","Python",216,152,151
881,7172,"dustjs","linkedin","JavaScript",216,215,162
882,4587149,"Gandalf","ZeusWPI","Ruby",226,106,101
883,26688,"supervisor","Supervisor","Python",205,139,137
884,27490,"DoctrineModule","doctrine","PHP",216,199,163
885,211549,"freeseer","Freeseer","Python",209,123,121
886,717057,"fwdays","stfalcon","PHP",217,137,134
887,28824,"cloud_controller_ng","cloudfoundry","Ruby",215,215,211
888,475682,"torque","adaptivecomputing","C",222,115,19
889,16927,"candycane","yandod","PHP",222,185,116
890,868,"pivotal_workstation","pivotal","Ruby",223,193,163
891,53260,"notification_server","telefonicaid","JavaScript",207,207,180
892,76826,"bcfg2","Bcfg2","Python",199,163,155
893,4813290,"regulations-parser","cfpb","Python",218,203,203
894,1611658,"MakeAPI","mozilla","Python",218,199,199
895,17000,"django-filer","stefanfoulis","Python",203,142,116
896,7905617,"webmaker-events-2","mozilla","JavaScript",213,80,79
897,28204,"YouCompleteMe","Valloric","C++",202,152,150
898,5320197,"BinPy","BinPy","Python",220,213,200
899,68256,"logback","qos-ch","Java",204,0,0
900,982592,"flowplayer","flowplayer","JavaScript",199,43,1
901,42626,"spyne","arskom","Python",206,117,113
902,13909,"lims-api","sanger","Ruby",219,177,165
903,11124,"acts-as-taggable-on","mbleigh","Ruby",210,182,143
904,11388911,"macovei","readfwd","JavaScript",213,213,199
905,1369530,"Laravel-Administrator","FrozenNode","JavaScript",202,148,145
906,1449648,"mortar","mortardata","Ruby",216,184,183
907,1448496,"cookcountyjail","sc3","Python",212,73,73
908,21695,"awestruct","awestruct","Ruby",214,166,159
909,3143000,"ember-model","ebryn","JavaScript",216,216,215
910,5167,"fabric","fabric","Python",202,166,123
911,515933,"ros_comm","ros","C++",205,168,1
912,777221,"support","alphagov","Ruby",211,132,88
913,4735,"tiled","bjorn","C++",198,128,126
914,101039,"KnpBundles","KnpLabs","PHP",211,182,95
915,1721268,"crawljax","crawljax","Java",205,202,23
916,3719,"flot","flot","JavaScript",209,108,104
917,37492,"feincms","feincms","Python",211,46,46
918,22906,"node-mysql","felixge","JavaScript",204,170,137
919,35155,"Imagine","avalanche123","PHP",204,155,120
920,2244,"factory_girl","thoughtbot","Ruby",207,183,84
921,483343,"govuk_content_api","alphagov","Ruby",205,97,57
922,14915,"travis-ci","travis-ci","Ruby",209,201,47
923,25919,"trelby","oskusalerma","Python",209,0,0
924,2749024,"assemble","assemble","JavaScript",209,181,177
925,2610282,"rubber","rubber","Ruby",205,98,98
926,41885,"django-userena","bread-and-pepper","Python",199,0,0
927,5245,"twitter","sferik","Ruby",201,126,87
928,8860,"onyx","enyojs","JavaScript",201,54,54
